question,keywords,answer
"ржбрзЗрж▓рж┐ржнрж╛рж░рж┐ ржХржмрзЗ ржкрж╛ржмрзЛ","ржХржмрзЗ,ржХрждржжрж┐ржи,ржХржд ржжрж┐ржирзЗ,delivery,ржбрзЗрж▓рж┐ржнрж╛рж░рж┐,рж╕ржоржпрж╝","ржврж╛ржХрж╛рж░ ржоржзрзНржпрзЗ рж╕рж╛ржзрж╛рж░ржгржд рззтАУрзи ржХрж░рзНржоржжрж┐ржмрж╕, ржврж╛ржХрж╛рж░ ржмрж╛ржЗрж░рзЗ рзйтАУрзл ржХрж░рзНржоржжрж┐ржмрж╕ рж▓рж╛ржЧрзЗред ржПржХржЯрзБ ржжрзЗрж░рж┐ рж╣рж▓рзЗ ржЖржЧрзЗржЗ ржЬрж╛ржирж┐рзЯрзЗ ржжрж┐ржЗред"
"ржбрзЗрж▓рж┐ржнрж╛рж░рж┐ ржЪрж╛рж░рзНржЬ ржХржд?","ржбрзЗрж▓рж┐ржнрж╛рж░рж┐ ржЪрж╛рж░рзНржЬ,ржбрзЗрж▓рж┐ржнрж╛рж░рж┐ ржлрж┐,ржбрзЗрж▓рж┐ржнрж╛рж░рж┐ ржХржд,рж╢рж┐ржкрж┐ржВ,shipping,delivery fee","ржврж╛ржХрж╛рж░ ржоржзрзНржпрзЗ рзнрзжрз│, ржврж╛ржХрж╛рж░ ржмрж╛ржЗрж░рзЗ рззрзлрзжрз│ (ржХрзБрж░рж┐ржпрж╝рж╛рж░ ржЪрж╛рж░рзНржЬ)ред ржкрзНрж░рзЛржбрж╛ржХрзНржЯрзЗрж░ ржжрж╛ржорзЗрж░ рж╕рж╛ржерзЗ ржЖрж▓рж╛ржжрж╛ ржпрзЛржЧ рж╣ржмрзЗред"
"ржкрзЗржорзЗржирзНржЯ ржорзЗржержб ржХрзА?","ржкрзЗржорзЗржирзНржЯ,ржкрзЗржорзЗржирзНржЯ ржорзЗржержб,cod,ржХрзНржпрж╛рж╢ ржЕржи ржбрзЗрж▓рж┐ржнрж╛рж░рж┐,ржХрзНржпрж╛рж╢,рж╣рж╛рждрзЗрж╣рж╛рждрзЗ","ржЖржорж░рж╛ Cash on Delivery (COD) ржжрж┐ржЪрзНржЫрж┐ тАФ ржкржгрзНржп рж╣рж╛рждрзЗ ржкрзЗрж▓рзЗржЗ ржЯрж╛ржХрж╛ ржжрж┐ржиред"
"рж╕рзНржЯржХ ржЖржЫрзЗ?","рж╕рзНржЯржХ,ржЖржЫрзЗ ржирж╛ржХрж┐,available,ржЕрзНржпрж╛ржнрзЗржЗрж▓рзЗржмрж▓,ржоржЬрзБржд","ржпрзЗ ржХрзЛржб ржмрж▓ржмрзЗржи ржЖржорж┐ рж╕рж╛ржерзЗ рж╕рж╛ржерзЗ ржжрзЗржЦрзЗ ржЬрж╛ржирж┐ржпрж╝рзЗ ржжрж┐ржЗред ржЕржирзБржЧрзНрж░рж╣ ржХрж░рзЗ ржкрзНрж░рзЛржбрж╛ржХрзНржЯ ржХрзЛржб ржкрж╛ржарж╛ржи (ржпрзЗржоржи DR-1050)ред"
"рж╕рж╛ржЗржЬ ржЖржЫрзЗ?","рж╕рж╛ржЗржЬ,рж╕рж╛ржЗржЬ ржЖржЫрзЗ,рж╕рж╛ржЗржЬрж┐ржВ,size,measurement,ржорзЗржЬрж╛рж░ржорзЗржирзНржЯ","ржЕржирзБржЧрзНрж░рж╣ ржХрж░рзЗ ржХрзЛржб ржмрж▓рзБржи; ржЖржорж░рж╛ рж╕рж╛ржзрж╛рж░ржгржд S/M/L/XL рж░рж╛ржЦрж┐ред ржирж╛ ржерж╛ржХрж▓рзЗ ржмрж┐ржХрж▓рзНржк рж╕рж╛ржЬрзЗрж╕рзНржЯ ржХрж░ржмред"
"рж╕рж╛ржЗржЬ ржЧрж╛ржЗржб ржЪрж╛ржЗ","рж╕рж╛ржЗржЬ ржЧрж╛ржЗржб,size guide,ржорж╛ржк,measurement chart","рж╕рж╛ржзрж╛рж░ржг ржЧрж╛ржЗржб: S=36, M=38, L=40, XL=42 (ржкрзБрж░рзБрж╖ ржкрж╛ржЮрзНржЬрж╛ржмрж┐)ред ржорзЗрзЯрзЗржжрзЗрж░ ржбрзНрж░рзЗрж╕рзЗ bust/hip ржорж╛ржк ржЕржирзБржпрж╛рзЯрзА рж╕рж╛ржЬрзЗрж╕рзНржЯ ржХрж░рж┐ред"
"ржорзЗржЯрзЗрж░рж┐ржпрж╝рж╛рж▓ ржХрзА?","ржорзЗржЯрзЗрж░рж┐ржпрж╝рж╛рж▓,ржлрзНржпрж╛ржмрзНрж░рж┐ржХ,ржХрж╛ржкржбрж╝,ржХржЯржи,рж╕рзБржЯрж┐ржВ,рж╢рж┐ржлржи,рж▓ржи","ржкрзНрж░рзЛржбрж╛ржХрзНржЯржнрзЗржжрзЗ ржнрж┐ржирзНржиред ржХрзЛржб ржжрж┐рж▓рзЗ ржлрзНржпрж╛ржмрзНрж░рж┐ржХ ржЬрж╛ржирж╛ржЗред ржмрзЗрж╢рж┐рж░ржнрж╛ржЧржЗ рж╕ржлржЯ ржХржЯржи/ржорж┐рж╢рзНрж░ ржХрж╛ржкрзЬред"
"ржХрж╛рж▓рж╛рж░ ржжрзЗржЦрж╛ржмрзЗ?","ржХрж╛рж▓рж╛рж░,рж░ржВ,ржЖрж░рзЛ ржЫржмрж┐,extra photo,picture,ржлржЯрзЛ","ржкрзНрж░рзЛржбрж╛ржХрзНржЯ ржХрзЛржб ржжрж┐ржи; ржерж╛ржХрж▓рзЗ ржЕрждрж┐рж░рж┐ржХрзНржд ржЫржмрж┐/ржнрж┐ржбрж┐ржУ рж▓рж┐ржВржХ ржкрж╛ржарж┐рзЯрзЗ ржжрж┐ржЪрзНржЫрж┐ред рж╕рзНржХрзНрж░рж┐ржирзЗ рж░ржЩ рж╕рж╛ржорж╛ржирзНржп ржнрж┐ржирзНржи ржжрзЗржЦрж╛ ржпрзЗрждрзЗ ржкрж╛рж░рзЗред"
"ржзрзЛрзЯрж╛рж░ ржирж┐рзЯржо ржХрзА?","ржзрзЛрзЯрж╛,ржУрзЯрж╛рж╢,ржУрзЯрж╛рж╢ ржХрзЗрзЯрж╛рж░,wash care,ржзрзЛржпрж╝рж╛","ржкрзНрж░ржержо рзитАУрзй ржмрж╛рж░ рж╣рж╛рждрзЗ рж╣рж╛рж▓ржХрж╛ ржбрж┐ржЯрж╛рж░ржЬрзЗржирзНржЯрзЗ ржзрзБрждрзЗ рж╣ржмрзЗ; ржмрзНрж▓рж┐ржЪ ржирзЯ, рж░рзЛржжрзЗ ржмрзЗрж╢рж┐ рж╕ржорзЯ ржирж╛ рж╢рзБржХрж╛ржирзЛ ржнрж╛рж▓рзЛред"
"рж░рж┐ржЯрж╛рж░рзНржи/ржПржХрзНрж╕ржЪрзЗржЮрзНржЬ рж╣ржмрзЗ?","рж░рж┐ржЯрж╛рж░рзНржи,ржПржХрзНрж╕ржЪрзЗржЮрзНржЬ,ржлрзЗрж░ржд,change,return policy","рж╕рж╛ржЗржЬ/ржбрж┐ржлрзЗржХрзНржЯ ржЗрж╕рзНржпрзБрждрзЗ рзирзк ржШржирзНржЯрж╛рж░ ржоржзрзНржпрзЗ ржЗржиржмржХрзНрж╕рзЗ ржЬрж╛ржирж╛рж▓рзЗ ржПржХрзНрж╕ржЪрзЗржЮрзНржЬ ржХрж░рж╛ ржпрж╛рзЯред"
"ржЕрж░рзНржбрж╛рж░ ржХрж┐ржнрж╛ржмрзЗ ржХрж░ржмрзЛ?","ржЕрж░рзНржбрж╛рж░,ржЕрж░рзНржбрж╛рж░ ржХрж░рждрзЗ ржЪрж╛ржЗ,ржмрзБржХ,ржмрзБржХрж┐ржВ,order","ржПржЗ ржлрж░ржорзНржпрж╛ржЯрзЗ ржкрж╛ржарж╛ржи: ржирж╛ржо, ржорзЛржмрж╛ржЗрж▓, ржарж┐ржХрж╛ржирж╛, ржХрзЛржб, рж╕рж╛ржЗржЬ, Qtyред ржЙржжрж╛рж╣рж░ржг: ржирж╛ржо: рж░ржлрж┐ржХ, ржлрзЛржи: 017тАж, ржарж┐ржХрж╛ржирж╛: ржорж┐рж░ржкрзБрж░, ржХрзЛржб: DR-1050, рж╕рж╛ржЗржЬ: L, Qty: 1ред"
"ржЕрж░рзНржбрж╛рж░ ржХржиржлрж╛рж░рзНржо рж╣ржмрзЗ ржХрзАржнрж╛ржмрзЗ?","ржХржиржлрж╛рж░рзНржо,confirm,ржЕрж░рзНржбрж╛рж░ ржХржиржлрж╛рж░рзНржо,рж░рж┐рж╕рж┐ржнржб","рждржерзНржп ржкрзЗрж▓рзЗржЗ ржЖржорж░рж╛ Order ID ржкрж╛ржарж╛ржЗред рждрж╛рж░ржкрж░ ржкрзНржпрж╛ржХ/рж╢рж┐ржк рж╣рзЯрзЗ ржЧрзЗрж▓рзЗ ржЯрзНрж░рзНржпрж╛ржХрж┐ржВ ржЖржкржбрзЗржЯ ржпрж╛рзЯред"
"ржЕрж░рзНржбрж╛рж░ ржХрждржжрзВрж░?","ржХрждржжрзВрж░,where is,status,ржЯрзНрж░рзНржпрж╛ржХ,tracking,ржХрзЛржерж╛ржпрж╝","ржЖржкржирж╛рж░ Order ID (ржпрзЗржоржи ORD-12345) рж▓рж┐ржЦрзБржи; ржЖржорж┐ рж╕рзНржЯрзНржпрж╛ржЯрж╛рж╕ ржкрж╛ржарж┐рзЯрзЗ ржжрж┐ржЪрзНржЫрж┐ред"
"ржЯрзНрж░рзНржпрж╛ржХрж┐ржВ рж▓рж┐ржВржХ ржкрж╛ржмрзЛ?","ржЯрзНрж░рзНржпрж╛ржХрж┐ржВ,tracking,рж▓рж┐ржВржХ,link,courier track","рж╢рж┐ржк рж╣рж▓рзЗ ржЯрзНрж░рзНржпрж╛ржХрж┐ржВ рж▓рж┐ржВржХ ржкрж╛ржарж╛ржЗред ржирж╛ ржкрзЗрж▓рзЗ Order ID ржжрж┐ржиред"
"ржХрзБрж░рж┐ржпрж╝рж╛рж░ ржХрзЛржиржЯрж╛?","ржХрзБрж░рж┐ржпрж╝рж╛рж░,ржбрзЗрж▓рж┐ржнрж╛рж░рж┐ ржкрж╛рж░рзНржЯржирж╛рж░,courier,home delivery","ржврж╛ржХрж╛ржпрж╝ рж╕рж╛ржзрж╛рж░ржгржд рж╣рзЛржо ржбрзЗрж▓рж┐ржнрж╛рж░рж┐, ржмрж╛ржЗрж░рзЗ ржирж┐рж░рзНржзрж╛рж░рж┐ржд ржХрж╛ржЙржирзНржЯрж╛рж░ред"
"ржбрзЗрж▓рж┐ржнрж╛рж░рж┐ ржПрж░рж┐ржпрж╝рж╛","ржврж╛ржХрж╛рзЯ ржжрзЗржи?,ржмрж╛ржЗрж░рзЗ ржжрзЗржи?,рж╕рж╛рж░рж╛ ржмрж╛ржВрж▓рж╛ржжрзЗрж╢,ржбрзЗрж▓рж┐ржнрж╛рж░рж┐ ржПрж░рж┐ржпрж╝рж╛,area","ржЖржорж░рж╛ рж╕рж╛рж░рж╛ ржмрж╛ржВрж▓рж╛ржжрзЗрж╢рзЗ ржбрзЗрж▓рж┐ржнрж╛рж░рж┐ ржХрж░рж┐ тЬЕ"
"ржжрзНрж░рзБржд ржбрзЗрж▓рж┐ржнрж╛рж░рж┐ рж╣ржмрзЗ?","ржжрзНрж░рзБржд,ржЖржЬржЗ,emergency,urgent,ржПржХржжрж┐ржирзЗ","ржврж╛ржХрж╛рзЯ ржПржХрзНрж╕ржкрзНрж░рзЗрж╕ рж╕ржорзНржнржм (ржЕрзНржпрж╛ржнрзЗржЗрж▓рзЗржмрж┐рж▓рж┐ржЯрж┐ ржирж┐рж░рзНржнрж░)ред ржЗржиржмржХрзНрж╕рзЗ рж▓рзЛржХрзЗрж╢ржи ржжрж┐ржиред"
"рж╣рзЛрж▓рж╕рзЗрж▓/ржмрж╛рж▓рзНржХ","рж╣рзЛрж▓рж╕рзЗрж▓,ржмрж╛рж▓рзНржХ,bulk,рж░рж┐рж╕рзЗрж▓,resell","ржмрж╛рж▓рзНржХ ржЕрж░рзНржбрж╛рж░рзЗ рж╕рзНржкрзЗрж╢рж╛рж▓ ржкрзНрж░рж╛ржЗрж╕ ржжрзЗржЗред ржХрзА ржкрж░рж┐ржорж╛ржг рж▓рж╛ржЧржмрзЗ ржЬрж╛ржирж╛ржиред"
"ржХрж╛рж╕рзНржЯржорж╛ржЗржЬ ржХрж░рж╛ ржпрж╛ржмрзЗ?","ржХрж╛рж╕рзНржЯржорж╛ржЗржЬ,ржорж╛ржкржорждрзЛ,design change,logo,ржирзЗржо ржкрзНрж░рж┐ржирзНржЯ","ржирж┐рж░рзНржжрж┐рж╖рзНржЯ ржЖржЗржЯрзЗржорзЗ ржХрж╛рж╕рзНржЯржо рж╕рж╛ржЗржЬ/рж▓рзЛржЧрзЛ рж╕ржорзНржнржмред ржЗржиржмржХрзНрж╕рзЗ ржмрж┐рж╕рзНрждрж╛рж░рж┐ржд ржжрж┐ржиред"
"ржбрж┐рж╕ржХрж╛ржЙржирзНржЯ ржЖржЫрзЗ?","ржбрж┐рж╕ржХрж╛ржЙржирзНржЯ,ржЕржлрж╛рж░,ржХрзБржкржи,ржХржо ржжрж╛ржо,ржХрзНржпрж╛рж╢ржмрзНржпрж╛ржХ","ржЕржлрж╛рж░ ржерж╛ржХрж▓рзЗ ржЖржорж░рж╛ ржЬрж╛ржирж╛ржЗред ржмрж╛рж▓рзНржХрзЗ ржбрж┐рж╕ржХрж╛ржЙржирзНржЯ ржкрж╛ржУрзЯрж╛ ржпрж╛рзЯред"
"рж╕рзНржЯржХрзЗ ржирзЗржЗтАФржХржЦржи ржЖрж╕ржмрзЗ?","рж╕рзНржЯржХ ржЖржЙржЯ,ржЖрж╕ржмрзЗ ржХржмрзЗ,restock,рж░рж┐рж╕рзНржЯржХ","рж░рж┐рж╕рзНржЯржХ ржПрж▓рж╛рж░рзНржЯ ржЪрж╛ржЗрж▓рзЗ ржХрзЛржб ржжрж┐ржитАФржПрж▓рзЗ ржЬрж╛ржирж┐рзЯрзЗ ржжрзЗржмред"
"ржкрзНрж░рж╛ржЗржЬ ржлрж┐ржХрзНрж╕ржб?","ржХржо ржжрж┐ржмрж╛?,ржирзЗржЧрзЛ,price ржХржорж╛ржУ,final price,fix price","ржЖржорж░рж╛ ржмрзЗрж╕рзНржЯ ржкрзНрж░рж╛ржЗрж╕ рж░рж╛ржЦрж┐; ржмрж╛рж▓рзНржХрзЗ ржХржорж╛ржирзЛ рж╕ржорзНржнржмред"
"ржУржпрж╝рж╛рж░рзЗржирзНржЯрж┐/ржЧрзНржпрж╛рж░рж╛ржирзНржЯрж┐?","ржЧрзНржпрж╛рж░рж╛ржирзНржЯрж┐,ржУржпрж╝рж╛рж░рзЗржирзНржЯрж┐,warranty,guarantee","ржорзНржпрж╛ржирзБржлрзНржпрж╛ржХржЪрж╛рж░рж┐ржВ ржбрж┐ржлрзЗржХрзНржЯрзЗ ржПржХрзНрж╕ржЪрзЗржЮрзНржЬ рж╕рж╣рж╛рзЯрждрж╛ ржжрж┐ржЗред"
"ржЫржмрж┐/ржнрж┐ржбрж┐ржУ ржЪрж╛ржЗ","ржнрж┐ржбрж┐ржУ,рж▓рж╛ржЗржн,ржЖрж░рзЛ ржнрж┐ржбрж┐ржУ,reel,shorts","ржерж╛ржХрж▓рзЗ ржнрж┐ржбрж┐ржУ рж▓рж┐ржВржХ ржкрж╛ржарж╛ржЗ; ржирж╛ ржерж╛ржХрж▓рзЗ ржЗржиржмржХрзНрж╕рзЗ ржмрзНржпржмрж╕рзНржерж╛ ржХрж░рж┐ред"
"рж╢рзЛрж░рзБржо ржЖржЫрзЗ?","рж╢рзЛрж░рзБржо,ржжрзЛржХрж╛ржи,рж╢ржк,ржарж┐ржХрж╛ржирж╛,рж▓рзЛржХрзЗрж╢ржи,address","ржЖржорж╛ржжрзЗрж░ ржПржЦржирзЛ ржлрж┐ржЬрж┐ржХрзНржпрж╛рж▓ рж╢рзЛрж░рзБржо ржирзЗржЗ ЁЯТ╗ ржЖржорж░рж╛ ржЕржирж▓рж╛ржЗржи-ржнрж┐рждрзНрждрж┐ржХред ржврж╛ржХрж╛рзЯ рзнрзжрз│, ржмрж╛ржЗрж░рзЗ рззрзлрзжрз│ ржХрзБрж░рж┐ржпрж╝рж╛рж░ред ржЪрж╛ржЗрж▓рзЗ ржкрж┐ржХржЖржк рж▓рзЛржХрзЗрж╢ржи ржмрзНржпржмрж╕рзНржерж╛ ржХрж░рж╛ ржпрж╛рзЯред"
"ржХржирзНржЯрзНржпрж╛ржХрзНржЯ ржиржорзНржмрж░","ржиржорзНржмрж░,ржлрзЛржи,ржпрзЛржЧрж╛ржпрзЛржЧ,whatsapp,ржХрж▓","ржЖржорж╛ржжрзЗрж░ ржЕржлрж┐рж╕рж┐ржпрж╝рж╛рж▓ ржиржорзНржмрж░: 01650206700 (WhatsApp/ржХрж▓)ред"
"ржЦрзЛрж▓рж╛ ржерж╛ржХрзЗ ржХржЦржи?","рж╕ржорзЯ,ржЦрзЛрж▓рж╛,open,рзирзк ржШржирзНржЯрж╛,24/7","STYLO ржкрзНрж░рждрж┐ржжрж┐ржи рзирзк ржШржирзНржЯрж╛ ржЕржирж▓рж╛ржЗржиред ржЕрж░рзНржбрж╛рж░ ржпрзЗржХрзЛржирзЛ рж╕ржорзЯ ржжрж┐рждрзЗ ржкрж╛рж░ржмрзЗржиред"
"ржзржирзНржпржмрж╛ржж","ржзржирзНржпржмрж╛ржж,thanks,thank you","ржзржирзНржпржмрж╛ржж! ржЖрж░ржУ ржХрж┐ржЫрзБ рж▓рж╛ржЧрж▓рзЗ ржЬрж╛ржирж╛ржмрзЗржиред ЁЯШК"
"рж░рж╛ржЧ/ржЧрж╛рж▓рж┐","ржЧрж╛рж▓рж┐,ржЕрж╕ржнрзНржп,рж░рж╛ржЧ,bad words,ржЕржкржорж╛ржи","ржЖржкржирж╛рж░ ржХрж╖рзНржЯржЯрж╛ ржмрзБржЭрж┐тАФрж╢рж╛ржирзНрждржнрж╛ржмрзЗ ржмрж▓рж▓рзЗ ржжрзНрж░рзБржд ржУ ржнрж╛рж▓рзЛржнрж╛ржмрзЗ рж╕рж╛рж╣рж╛ржпрзНржп ржХрж░рждрзЗ ржкрж╛рж░ржмрзЛ ЁЯЩП"
"рж╕рзНржпрж╛рж░-ржорзНржпрж╛ржо","рж╕рзНржпрж╛рж░,ржорзНржпрж╛ржо,ржнрж╛ржЗ,ржЖржкрзБ,vai,apu","ржзржирзНржпржмрж╛ржж {salutation}! ржХрзАржнрж╛ржмрзЗ рж╕рж╛рж╣рж╛ржпрзНржп ржХрж░рждрзЗ ржкрж╛рж░рж┐?"
